collection_id,subject_id,created_at
051836ef-65d2-418e-8b2d-6e334168fcbd,6a1e7b61-f7ac-490f-b060-c4c69ba1359a,2025-03-18 17:48:45.700979+00
0670fac5-3ac3-4743-9068-71e2626dee8c,9d9cb547-5608-4c1f-abfe-0f8fc2b3d203,2025-03-18 17:48:45.700979+00
06e73c62-91ad-4dfa-ae07-fb48cd1bc7e7,fee144b7-ae21-4b03-b7a1-5165a6f22c19,2025-03-18 17:48:45.700979+00
089a85d7-50f7-4f56-aa0f-9cffc540ab45,95b62b70-b878-4212-a0ea-db94aec28118,2025-03-18 17:48:45.700979+00
0acd5b30-59dd-4bf9-b720-6fc47f16e515,95b62b70-b878-4212-a0ea-db94aec28118,2025-03-18 17:48:45.700979+00
0ae5fa7e-1a83-4177-9726-e08c94ba69fe,e771d313-da26-4533-a91f-6ad7cdc0ec7f,2025-03-18 17:48:45.700979+00
12bc6412-629b-4b0f-a065-03989d8f9ad0,e771d313-da26-4533-a91f-6ad7cdc0ec7f,2025-03-18 17:48:45.700979+00
14684e4b-496f-4141-89ab-6501c3ad8590,23f744c8-db79-494a-8ef1-3c10dda97fba,2025-03-18 17:48:45.700979+00
179248e4-4343-44b4-8520-d666607a755c,050a818b-4c38-4529-abc0-04f4eae5e2da,2025-03-18 17:48:45.700979+00
1afa4b6a-960a-4729-a431-8e641c9fa868,9d9cb547-5608-4c1f-abfe-0f8fc2b3d203,2025-03-18 17:48:45.700979+00
1e7b534a-1ef5-4587-92b4-1894558e81b9,ea1e42a4-cc26-4990-a183-c1628c999c99,2025-03-18 17:48:45.700979+00
208f68b8-4ede-4e0b-a6dc-b28e5448be89,761ba785-8693-4ede-a3e0-2645dcb2786a,2025-03-18 17:48:45.700979+00
216b08d2-2ee3-432f-8633-0b03db258d39,9d9cb547-5608-4c1f-abfe-0f8fc2b3d203,2025-03-18 17:48:45.700979+00
22b2a1bf-f798-4ec1-b4f5-15e24cfe14be,761ba785-8693-4ede-a3e0-2645dcb2786a,2025-03-18 17:48:45.700979+00
24dd1421-b397-495d-ae0b-5079891d2833,6a1e7b61-f7ac-490f-b060-c4c69ba1359a,2025-03-18 17:48:45.700979+00
25f89fd9-95ac-4f90-b21a-635a6ee57f6a,6a1e7b61-f7ac-490f-b060-c4c69ba1359a,2025-03-18 17:48:45.700979+00
28732d95-4cde-4df4-a26f-17fb955ab42a,6a1e7b61-f7ac-490f-b060-c4c69ba1359a,2025-03-18 17:48:45.700979+00
2a74d29d-0f76-409f-b6f7-dc37d6716fff,049771e6-588d-428a-ae6f-4db56e43c0ee,2025-03-18 17:48:45.700979+00
2e09a8dd-9a21-450b-95f0-03979c84a286,d0e95ad1-093d-4c2e-9e84-dbee2904190a,2025-03-18 17:48:45.700979+00
2f9ac177-9069-4cd8-8e7c-2459fdfee82a,864dcec8-db16-4d75-ac33-aae3e4a4ca68,2025-03-18 17:48:45.700979+00
37475679-03ef-4a6f-90b6-9a96492d7468,864dcec8-db16-4d75-ac33-aae3e4a4ca68,2025-03-18 17:48:45.700979+00
388cffed-1c35-4f00-8f83-51c4c0b07db2,049771e6-588d-428a-ae6f-4db56e43c0ee,2025-03-18 17:48:45.700979+00
3b3ba0b0-73ee-42cd-916a-4df837471424,fee144b7-ae21-4b03-b7a1-5165a6f22c19,2025-03-18 17:48:45.700979+00
3d7deb4c-ef52-44f8-8a0d-bdc3d550a8e5,050a818b-4c38-4529-abc0-04f4eae5e2da,2025-03-18 17:48:45.700979+00
43916137-d894-42aa-b28c-1c2a15dd92b7,d0e95ad1-093d-4c2e-9e84-dbee2904190a,2025-03-18 17:48:45.700979+00
507985be-6c0b-45a2-9b9d-a8a1432e69a4,fee144b7-ae21-4b03-b7a1-5165a6f22c19,2025-03-18 17:48:45.700979+00
52d746e9-a79f-4c2e-936a-404852269e88,ea1e42a4-cc26-4990-a183-c1628c999c99,2025-03-18 17:48:45.700979+00
63646019-f51c-4327-aee0-0de8633f9394,23f744c8-db79-494a-8ef1-3c10dda97fba,2025-03-18 17:48:45.700979+00
63f08667-f99a-451e-b5af-572f3be3a8e3,049771e6-588d-428a-ae6f-4db56e43c0ee,2025-03-18 17:48:45.700979+00
64876a7e-6210-4ede-818e-b2197fd5361e,864dcec8-db16-4d75-ac33-aae3e4a4ca68,2025-03-18 17:48:45.700979+00
67b93c2c-5262-4557-b3f9-fe19d27a308d,049771e6-588d-428a-ae6f-4db56e43c0ee,2025-03-18 17:48:45.700979+00
6b174bac-c78b-437f-9559-ff7bded8df0c,e771d313-da26-4533-a91f-6ad7cdc0ec7f,2025-03-18 17:48:45.700979+00
6bbd9a5e-c20f-4b82-ae24-cad9d1a4f953,864dcec8-db16-4d75-ac33-aae3e4a4ca68,2025-03-18 17:48:45.700979+00
6e8e8e89-3f10-4dda-a8c4-d37cb14f1f0c,049771e6-588d-428a-ae6f-4db56e43c0ee,2025-03-18 17:48:45.700979+00
6f88a65e-dc13-46a5-bac2-c8bce08f3ae1,31375be2-fb26-471c-8e19-134a0509bc88,2025-03-18 17:55:14.009682+00
7141684d-8c65-42fa-acc1-0f2486d9d954,95b62b70-b878-4212-a0ea-db94aec28118,2025-03-18 17:48:45.700979+00
7a043244-cc60-499f-843e-8066d893d99d,d0e95ad1-093d-4c2e-9e84-dbee2904190a,2025-03-18 17:48:45.700979+00
7cd4a0b5-e3bc-4be1-be3e-ec5e9bfb0ed0,31375be2-fb26-471c-8e19-134a0509bc88,2025-03-18 17:55:14.009682+00
7d667083-93bb-4ded-abc3-f745dcaebd95,23f744c8-db79-494a-8ef1-3c10dda97fba,2025-03-18 17:48:45.700979+00
7e24059d-bc36-488b-8286-dac1951fbf82,e771d313-da26-4533-a91f-6ad7cdc0ec7f,2025-03-18 17:48:45.700979+00
7f1c266f-68a0-4761-9db4-4b16c255ba45,761ba785-8693-4ede-a3e0-2645dcb2786a,2025-03-18 17:48:45.700979+00
7ffb4f45-af2f-4a66-a911-1a8c149c80ff,761ba785-8693-4ede-a3e0-2645dcb2786a,2025-03-18 17:48:45.700979+00
81e6bac5-7f40-4711-a1f2-7e0086cc5a60,e771d313-da26-4533-a91f-6ad7cdc0ec7f,2025-03-18 17:48:45.700979+00
837c72b6-969b-46d1-aa20-7776128508db,6a1e7b61-f7ac-490f-b060-c4c69ba1359a,2025-03-18 17:48:45.700979+00
83d1cb58-e4ae-4648-851d-43b55e2db71f,6a1e7b61-f7ac-490f-b060-c4c69ba1359a,2025-03-18 17:48:45.700979+00
84c8d1ce-9c63-4041-b37d-a187262eec94,23f744c8-db79-494a-8ef1-3c10dda97fba,2025-03-18 17:48:45.700979+00
8bd7153d-672c-4ed4-849c-5cfb801c44c8,95b62b70-b878-4212-a0ea-db94aec28118,2025-03-18 17:48:45.700979+00
8c354f93-26e6-404c-87f9-cee798cd3b44,9d9cb547-5608-4c1f-abfe-0f8fc2b3d203,2025-03-18 17:48:45.700979+00
8c59a00a-fa50-4748-9d04-cb115d71652f,fee144b7-ae21-4b03-b7a1-5165a6f22c19,2025-03-18 17:48:45.700979+00
8e26cad2-026e-4724-bb76-7aaeb660d38f,23f744c8-db79-494a-8ef1-3c10dda97fba,2025-03-18 17:48:45.700979+00
8f8cd098-f195-43fc-a6c6-2bc27aed0ec9,95b62b70-b878-4212-a0ea-db94aec28118,2025-03-18 17:48:45.700979+00
90252afe-a79d-47de-9b87-a1ce5a2d4168,6a1e7b61-f7ac-490f-b060-c4c69ba1359a,2025-03-18 17:48:45.700979+00
93503116-fdd1-4f39-a08e-095e6130400c,23f744c8-db79-494a-8ef1-3c10dda97fba,2025-03-18 17:48:45.700979+00
973e95b1-9346-48ce-b2a0-f2af48ba1291,761ba785-8693-4ede-a3e0-2645dcb2786a,2025-03-18 17:48:45.700979+00
9af17edb-4398-4034-8d3a-47f3666a19a2,864dcec8-db16-4d75-ac33-aae3e4a4ca68,2025-03-18 17:48:45.700979+00
a0130566-6c3e-4b97-acb6-491cd32696aa,e771d313-da26-4533-a91f-6ad7cdc0ec7f,2025-03-18 17:48:45.700979+00
a203cf16-1ea7-4027-9c3e-5e3eec872878,9d9cb547-5608-4c1f-abfe-0f8fc2b3d203,2025-03-18 17:48:45.700979+00
a277bb64-c685-43ce-a0c5-040d703ae3a7,6a1e7b61-f7ac-490f-b060-c4c69ba1359a,2025-03-18 17:48:45.700979+00
ad370e15-c4c0-4a05-a37d-e3b31177584d,049771e6-588d-428a-ae6f-4db56e43c0ee,2025-03-18 17:48:45.700979+00
b2a60ad7-2fb8-4832-af40-3215419c3e87,95b62b70-b878-4212-a0ea-db94aec28118,2025-03-18 17:48:45.700979+00
b32591c9-3fe6-4bd0-9396-a0ac3eea590b,e771d313-da26-4533-a91f-6ad7cdc0ec7f,2025-03-18 17:48:45.700979+00
b472ade7-51d2-4e95-bc60-d40aff9dcd51,fee144b7-ae21-4b03-b7a1-5165a6f22c19,2025-03-18 17:48:45.700979+00
b56c2faf-6b23-4aec-9828-004b2724f88f,ea1e42a4-cc26-4990-a183-c1628c999c99,2025-03-18 17:48:45.700979+00
b9d65ab0-95f2-49c0-8c2f-279941c19e7e,ea1e42a4-cc26-4990-a183-c1628c999c99,2025-03-18 17:48:45.700979+00
c295fe48-8d61-40ba-b007-27111043aafc,050a818b-4c38-4529-abc0-04f4eae5e2da,2025-03-18 17:48:45.700979+00
c2afb3d5-bd7d-45fc-a6aa-dcd475280fca,ea1e42a4-cc26-4990-a183-c1628c999c99,2025-03-18 17:48:45.700979+00
c5a1bf33-7c91-4bd6-85aa-3a861d99723c,049771e6-588d-428a-ae6f-4db56e43c0ee,2025-03-18 17:48:45.700979+00
c737791b-a841-477d-8f08-e1e9e4894938,95b62b70-b878-4212-a0ea-db94aec28118,2025-03-18 17:48:45.700979+00
c968c4df-cf1b-44a0-96b5-e98c719eee37,050a818b-4c38-4529-abc0-04f4eae5e2da,2025-03-18 17:48:45.700979+00
db3ef523-70c6-4436-afa8-51d39d975b76,d0e95ad1-093d-4c2e-9e84-dbee2904190a,2025-03-18 17:48:45.700979+00
ddf8da61-abd4-4852-89e6-487561c1b48e,23f744c8-db79-494a-8ef1-3c10dda97fba,2025-03-18 17:48:45.700979+00
de7b08f8-aa70-4f44-8895-4784908cb4b7,9d9cb547-5608-4c1f-abfe-0f8fc2b3d203,2025-03-18 17:48:45.700979+00
e0c00200-edb7-4cda-8e28-4c08c6a83786,761ba785-8693-4ede-a3e0-2645dcb2786a,2025-03-18 17:48:45.700979+00
e1b8af2a-e7aa-443e-ab45-1d6c79404f0a,9d9cb547-5608-4c1f-abfe-0f8fc2b3d203,2025-03-18 17:48:45.700979+00
eac05dbd-89a1-4eef-97b0-9e0f4af0b853,864dcec8-db16-4d75-ac33-aae3e4a4ca68,2025-03-18 17:48:45.700979+00
ee7debca-3ee3-4c56-94d4-910d63bd8538,31375be2-fb26-471c-8e19-134a0509bc88,2025-03-18 17:55:14.009682+00
f16d8fd2-b107-4964-9400-0b0c7dc65f97,ea1e42a4-cc26-4990-a183-c1628c999c99,2025-03-18 17:48:45.700979+00
f2665e1b-3988-4a9c-8a65-8206777e2477,31375be2-fb26-471c-8e19-134a0509bc88,2025-03-18 17:55:14.009682+00
f401c5f9-62dc-493c-b3c6-45c9f33992ab,050a818b-4c38-4529-abc0-04f4eae5e2da,2025-03-18 17:48:45.700979+00
fb60ac58-7722-46e1-868f-9aa2305fd957,050a818b-4c38-4529-abc0-04f4eae5e2da,2025-03-18 17:48:45.700979+00
fcd885b7-66fb-49df-b25c-6d5ab1f1108a,6a1e7b61-f7ac-490f-b060-c4c69ba1359a,2025-03-18 17:48:45.700979+00